1,48947_28614,2016.12.25.16.16.50,text,v7583967304,22.23734226_88.87500132,"20161225161650:Choumatha bazar
",16
1,48947_28614,2016.12.25.16.17.16,image,v7583967304,22.23734226_88.87500132,d7ea7f12e16288178f7d81175f4353e8_v7583967304_volunteer_50_493e788b4ae66dba.jpeg,296597
1,48947_28614,2016.12.25.16.18.24,image,v7583967304,22.23734226_88.87500132,d7ea7f12e16288178f7d81175f4353e8_v7583967304_volunteer_50_767de8a9918d90b2.jpeg,300070
1,48947_28614,2016.12.25.16.19.47,image,v7583967304,22.23734226_88.87500132,d7ea7f12e16288178f7d81175f4353e8_v7583967304_volunteer_50_1b95cbf4fcac77c5.jpeg,297224
1,48947_28614,2016.12.25.16.21.05,image,v7583967304,22.23734226_88.87500132,d7ea7f12e16288178f7d81175f4353e8_v7583967304_volunteer_50_62a7e73f5721b179.jpeg,256662
1,48947_28614,2016.12.25.16.21.54,text,v7583967304,22.23734226_88.87500132,20161225162154:Salun   dokan,13
1,48947_28614,2016.12.25.16.22.16,map,v7583967304,22.23734226_88.87500132,d7ea7f12e16288178f7d81175f4353e8_v7583967304_volunteer_50_dcbf9d6dafe9e88a.png,41185
1,48947_28614,2016.12.25.16.27.19,image,v7583967304,22.23746354_88.87496777,d7ea7f12e16288178f7d81175f4353e8_v7583967304_volunteer_50_b09b1505f5a44cb2.jpeg,323213
1,48947_28614,2016.12.25.16.36.29,text,v7583967304,22.23709722_88.8750492,20161225163629:Dorga     mondir,16
1,48947_28614,2016.12.25.16.37.11,image,v7583967304,22.23709722_88.8750492,d7ea7f12e16288178f7d81175f4353e8_v7583967304_volunteer_50_78bb3dc14dcb724b.jpeg,284286
1,48947_28614,2016.12.25.16.38.17,text,v7583967304,22.23709722_88.8750492,20161225163817:Cng gas,7
1,48947_28614,2016.12.25.16.38.50,image,v7583967304,22.23709722_88.8750492,d7ea7f12e16288178f7d81175f4353e8_v7583967304_volunteer_50_db0fe14c112af6c2.jpeg,419317
1,48947_28614,2016.12.25.16.39.54,text,v7583967304,22.23709722_88.8750492,20161225163954:Pond,4
1,48947_28614,2016.12.25.16.41.21,image,v7583967304,22.23711921_88.87505397,d7ea7f12e16288178f7d81175f4353e8_v7583967304_volunteer_50_6d9137c77653b108.jpeg,338419
1,48947_28614,2016.12.25.16.42.51,text,v7583967304,22.23711921_88.87505397,20161225164251:Dokan,5
1,48947_28614,2016.12.25.16.44.09,image,v7583967304,22.23711921_88.87505397,d7ea7f12e16288178f7d81175f4353e8_v7583967304_volunteer_50_bcf2242fb4954c11.jpeg,356468
1,48947_28614,2016.12.25.16.44.19,image,v7583967304,22.23711921_88.87505397,d7ea7f12e16288178f7d81175f4353e8_v7583967304_volunteer_50_12b88d95e10ef01e.jpeg,363966
1,48947_28614,2016.12.25.16.44.31,image,v7583967304,22.23711921_88.87505397,d7ea7f12e16288178f7d81175f4353e8_v7583967304_volunteer_50_67eb442e201b9b8c.jpeg,363778
1,48947_28614,2016.12.25.16.46.24,text,v7583967304,22.23711921_88.87505397,20161225164624:Volleyball court,16
2,48947_28614,2016.12.25.16.46.58,image,v7583967304,22.23711921_88.87505397,d7ea7f12e16288178f7d81175f4353e8_v7583967304_volunteer_50_ba01e348ff45c39e.jpeg,356696
2,48947_28614,2016.12.25.16.47.25,text,v7583967304,22.23711921_88.87505397,20161225164725:Nataji,6
2,48947_28614,2016.12.25.16.47.59,image,v7583967304,22.23711921_88.87505397,d7ea7f12e16288178f7d81175f4353e8_v7583967304_volunteer_50_64d9d3c8b9b65d7b.jpeg,387070
2,48947_28614,2016.12.25.16.48.15,text,v7583967304,22.23711921_88.87505397,20161225164815:Pond,4
2,48947_28614,2016.12.25.16.48.47,image,v7583967304,22.23711921_88.87505397,d7ea7f12e16288178f7d81175f4353e8_v7583967304_volunteer_50_fe3f5b6e0d72cd37.jpeg,359552
2,48947_28614,2016.12.25.16.49.01,text,v7583967304,22.23711921_88.87505397,20161225164901:Field,5
2,48947_28614,2016.12.25.16.49.49,image,v7583967304,22.23711921_88.87505397,d7ea7f12e16288178f7d81175f4353e8_v7583967304_volunteer_50_c13f548cf5415a82.jpeg,274053
2,48947_28614,2016.12.25.16.50.14,text,v7583967304,22.23711921_88.87505397,20161225165014:Tea shop ,9
2,48947_28614,2016.12.25.16.50.49,image,v7583967304,22.23711921_88.87505397,d7ea7f12e16288178f7d81175f4353e8_v7583967304_volunteer_50_f2fb4a043ca947ff.jpeg,296342
2,48947_28614,2016.12.25.16.51.22,text,v7583967304,22.23711921_88.87505397,20161225165122:Big pond,8
2,48947_28614,2016.12.25.16.52.05,image,v7583967304,22.23711921_88.87505397,d7ea7f12e16288178f7d81175f4353e8_v7583967304_volunteer_50_abba91a62f3212ab.jpeg,379575
2,48947_28614,2016.12.25.16.52.34,text,v7583967304,22.23711921_88.87505397,20161225165234:Long tree,9
2,48947_28614,2016.12.25.16.53.39,image,v7583967304,22.23711921_88.87505397,d7ea7f12e16288178f7d81175f4353e8_v7583967304_volunteer_50_5a47c5a0821eafa1.jpeg,465229
2,48947_28614,2016.12.25.16.55.46,image,v7583967304,22.23711921_88.87505397,d7ea7f12e16288178f7d81175f4353e8_v7583967304_volunteer_50_2cf8e1658a1693fb.jpeg,399117
2,48947_28613,2016.12.25.17.01.40,image,v7583967304,22.23826833_88.87469797,d7ea7f12e16288178f7d81175f4353e8_v7583967304_volunteer_50_d957ec492e856e9e.jpeg,381396
2,48947_28613,2016.12.25.17.02.58,image,v7583967304,22.23826833_88.87469797,d7ea7f12e16288178f7d81175f4353e8_v7583967304_volunteer_50_9828bf5281916c71.jpeg,391558
2,48947_28613,2016.12.25.17.03.30,image,v7583967304,22.23826833_88.87469797,d7ea7f12e16288178f7d81175f4353e8_v7583967304_volunteer_50_129036aec8c585c0.jpeg,491018
2,48947_28613,2016.12.25.17.03.56,image,v7583967304,22.23826833_88.87469797,d7ea7f12e16288178f7d81175f4353e8_v7583967304_volunteer_50_8bcb933e2075e07e.jpeg,473840
2,48947_28613,2016.12.25.17.04.17,text,v7583967304,22.23826833_88.87469797,20161225170417:Village ,8
2,48947_28613,2016.12.25.17.04.32,image,v7583967304,22.23826833_88.87469797,d7ea7f12e16288178f7d81175f4353e8_v7583967304_volunteer_50_2ebe6409e7f40997.jpeg,343422
2,48947_28613,2016.12.25.17.04.48,text,v7583967304,22.23826833_88.87469797,20161225170448:Village,7
2,48947_28613,2016.12.25.17.05.24,map,v7583967304,22.23826833_88.87469797,d7ea7f12e16288178f7d81175f4353e8_v7583967304_volunteer_50_fe3d5f4c54eff105.png,36063
2,48947_28613,2016.12.25.17.05.58,text,v7583967304,22.23826833_88.87469797,20161225170558:Choumatha,9
2,48947_28613,2016.12.25.17.06.39,image,v7583967304,22.23826833_88.87469797,d7ea7f12e16288178f7d81175f4353e8_v7583967304_volunteer_50_6be1b4e3729a6b2a.jpeg,348977
2,48947_28613,2016.12.25.17.07.25,text,v7583967304,22.23826833_88.87469797,20161225170725:Vali play ,10
2,48947_28613,2016.12.25.17.07.59,image,v7583967304,22.23826833_88.87469797,d7ea7f12e16288178f7d81175f4353e8_v7583967304_volunteer_50_fa3a9ea0720bd0ce.jpeg,333103
2,48947_28613,2016.12.25.17.08.52,text,v7583967304,22.23826833_88.87469797,20161225170852:Doctor  Khana,13
2,48947_28613,2016.12.25.17.09.18,image,v7583967304,22.23826833_88.87469797,d7ea7f12e16288178f7d81175f4353e8_v7583967304_volunteer_50_8f369961f8ebeecc.jpeg,294542
2,48947_28613,2016.12.25.17.10.36,text,v7583967304,22.23826833_88.87469797,20161225171036:Xrox photo,10
2,48947_28613,2016.12.25.17.11.14,image,v7583967304,22.23826833_88.87469797,d7ea7f12e16288178f7d81175f4353e8_v7583967304_volunteer_50_d7a843609b3c3bc6.jpeg,348691
2,48947_28613,2016.12.25.17.11.39,text,v7583967304,22.23826833_88.87469797,20161225171139:Dorga mondir,12
2,48947_28613,2016.12.25.17.12.08,image,v7583967304,22.23826833_88.87469797,d7ea7f12e16288178f7d81175f4353e8_v7583967304_volunteer_50_6503ebd4d13c8af7.jpeg,313854
2,48947_28614,2016.12.25.17.13.36,text,v7583967304,22.23720852_88.87506011,20161225171336:Tulsi griding center,20
2,48947_28614,2016.12.25.17.14.16,image,v7583967304,22.23720852_88.87506011,d7ea7f12e16288178f7d81175f4353e8_v7583967304_volunteer_50_ad004f24de00a44.jpeg,277711
2,48947_28614,2016.12.25.17.14.58,text,v7583967304,22.23720852_88.87506011,20161225171458:Seet shop,9
2,48947_28614,2016.12.25.17.15.32,image,v7583967304,22.23720852_88.87506011,d7ea7f12e16288178f7d81175f4353e8_v7583967304_volunteer_50_a892d2e8a99c03b1.jpeg,245641
2,48947_28614,2016.12.25.17.16.18,text,v7583967304,22.23720852_88.87506011,20161225171618:Computer dokan,14
2,48947_28614,2016.12.25.17.16.33,image,v7583967304,22.23720852_88.87506011,d7ea7f12e16288178f7d81175f4353e8_v7583967304_volunteer_50_bf7b06d2164c636.jpeg,471370
3,48947_28614,2016.12.25.17.17.17,text,v7583967304,22.23720852_88.87506011,20161225171717:Big tree,8
3,48947_28614,2016.12.25.17.17.39,image,v7583967304,22.23720852_88.87506011,d7ea7f12e16288178f7d81175f4353e8_v7583967304_volunteer_50_c7cc625b1ac85778.jpeg,424936
3,48947_28614,2016.12.25.17.18.00,text,v7583967304,22.23720852_88.87506011,20161225171800:Field,5
3,48947_28614,2016.12.25.17.18.35,image,v7583967304,22.23720852_88.87506011,d7ea7f12e16288178f7d81175f4353e8_v7583967304_volunteer_50_4178f4be7c7efd2.jpeg,465962
3,48947_28614,2016.12.25.17.19.36,text,v7583967304,22.23720852_88.87506011,20161225171936:Graden,6
3,48947_28614,2016.12.25.17.20.08,image,v7583967304,22.23720852_88.87506011,d7ea7f12e16288178f7d81175f4353e8_v7583967304_volunteer_50_629f676ec2a3c91d.jpeg,359240
3,48947_28614,2016.12.25.17.20.31,text,v7583967304,22.23720852_88.87506011,20161225172031:Bling,5
3,48947_28614,2016.12.25.17.20.54,image,v7583967304,22.23720852_88.87506011,d7ea7f12e16288178f7d81175f4353e8_v7583967304_volunteer_50_6dba7afbfe7bb8ea.jpeg,400155
3,48947_28614,2016.12.25.17.21.16,text,v7583967304,22.23720852_88.87506011,20161225172116:House,5
3,48947_28614,2016.12.25.17.21.54,image,v7583967304,22.23720852_88.87506011,d7ea7f12e16288178f7d81175f4353e8_v7583967304_volunteer_50_40fabd26c26b2be5.jpeg,457123
3,48947_28614,2016.12.25.17.22.09,text,v7583967304,22.23720852_88.87506011,20161225172209:Grand,5
3,48947_28614,2016.12.25.17.22.21,image,v7583967304,22.23720852_88.87506011,d7ea7f12e16288178f7d81175f4353e8_v7583967304_volunteer_50_3009cd62c87842b3.jpeg,330955
3,48947_28614,2016.12.25.17.22.30,text,v7583967304,22.23720852_88.87506011,20161225172230:Pond,4
3,48947_28614,2016.12.25.17.22.57,image,v7583967304,22.23720852_88.87506011,d7ea7f12e16288178f7d81175f4353e8_v7583967304_volunteer_50_c4d87ae6d78dd27d.jpeg,334418
3,48947_28614,2016.12.25.17.23.07,text,v7583967304,22.23720852_88.87506011,20161225172307:House,5
3,48947_28614,2016.12.25.17.24.24,image,v7583967304,22.23720852_88.87506011,d7ea7f12e16288178f7d81175f4353e8_v7583967304_volunteer_50_c1c33fd383bd5040.jpeg,439836
3,48947_28614,2016.12.25.17.24.36,text,v7583967304,22.23720852_88.87506011,20161225172436:Field,5
3,48947_28614,2016.12.25.17.24.47,image,v7583967304,22.23720852_88.87506011,d7ea7f12e16288178f7d81175f4353e8_v7583967304_volunteer_50_c9f30c3c471266c.jpeg,422762
3,48947_28614,2016.12.25.17.25.04,text,v7583967304,22.23720852_88.87506011,20161225172504:Chow,4
3,48947_28614,2016.12.25.17.28.19,image,v7583967304,22.23636917_88.87513694,d7ea7f12e16288178f7d81175f4353e8_v7583967304_volunteer_50_2279fab9832ed842.jpeg,399759
3,48947_28614,2016.12.25.17.28.38,text,v7583967304,22.23636917_88.87513694,20161225172838:House chow,10
3,48947_28614,2016.12.25.17.32.53,image,v7583967304,22.23715167_88.87504048,d7ea7f12e16288178f7d81175f4353e8_v7583967304_volunteer_50_b412f676e1a166f2.jpeg,330646
3,48947_28614,2016.12.25.17.35.19,image,v7583967304,22.23735598_88.87496983,d7ea7f12e16288178f7d81175f4353e8_v7583967304_volunteer_50_bbcefd9d770ef096.jpeg,265423
3,48947_28614,2016.12.25.17.35.48,text,v7583967304,22.23735598_88.87496983,20161225173548:Bank,4
3,48947_28614,2016.12.25.17.37.44,image,v7583967304,22.23735598_88.87496983,d7ea7f12e16288178f7d81175f4353e8_v7583967304_volunteer_50_d4960513fcc90403.jpeg,276807
3,48947_28614,2016.12.25.17.38.07,image,v7583967304,22.23735598_88.87496983,d7ea7f12e16288178f7d81175f4353e8_v7583967304_volunteer_50_656f2c9014fe6df6.jpeg,253436
3,48947_28614,2016.12.25.17.38.44,image,v7583967304,22.23735598_88.87496983,d7ea7f12e16288178f7d81175f4353e8_v7583967304_volunteer_50_438107ff6b23817e.jpeg,255050
4,48947_28614,2016.12.25.17.58.29,image,v7583967304,22.23732882_88.87496609,d7ea7f12e16288178f7d81175f4353e8_v7583967304_volunteer_50_8efefd375ee3a5f.jpeg,213262
4,48947_28614,2016.12.25.17.58.39,image,v7583967304,22.23732882_88.87496609,d7ea7f12e16288178f7d81175f4353e8_v7583967304_volunteer_50_b951421edc56be61.jpeg,209136
4,48947_28614,2016.12.25.17.58.54,image,v7583967304,22.23732882_88.87496609,d7ea7f12e16288178f7d81175f4353e8_v7583967304_volunteer_50_d97a1ce7d21c6250.jpeg,198686
